Gender wise count of Medical admission having their Age Group,,,,,,,,,,,,,,,,,,,,,,,,,,,,,,,,,
,,,,,,,,,,,,,,,,,,,,,,,,,,,,,,,,,
,,,,,,,,,,,,,,,,,,,,,,,,,,,,,,,,,
,,,,,,,,,,,,,,,,,,,,,,,,,,,,,,,,,
,,,,,,,,,,,,,,,,,,,,,,,,,,,,,,,,,
,,,,,,,,,,,,,,,,,,,,,,,,,,,,,,,,,
Age_Group,(All),,,,,,,,,,,,,,,,,,,,,,,,,,,,,,,,
,,,,,,,,,,,,,,,,,,,,,,,,,,,,,,,,,
Row Labels,Count of Medical Condition,,,,,,,,,,,,,,,,,,,,,,,,,,,,,,,,
Female,5075,,,,,,,,,,,,,,,,,,,,,,,,,,,,,,,,
M ,116,,,,,,,,,,,,,,,,,,,,,,,,,,,,,,,,
Male,4805,,,,,,,,,,,,,,,,,,,,,,,,,,,,,,,,
Male ,4,,,,,,,,,,,,,,,,,,,,,,,,,,,,,,,,
(blank),,,,,,,,,,,,,,,,,,,,,,,,,,,,,,,,,
Grand Total,10000,,,,,,,,,,,,,,,,,,,,,,,,,,,,,,,,
,,,,,,,,,,,,,,,,,,,,,,,,,,,,,,,,,
,,,,,,,,,,,,,,,,,,,,,,,,,,,,,,,,,
,,,,,,,,,,,,,,,,,,,,,,,,,,,,,,,,,
,,,,,,,,,,,,,,,,,,,,,,,,,,,,,,,,,
,,,,,,,,,,,,,,,,,,,,,,,,,,,,,,,,,
,,,,,,,,,,,,,,,,,,,,,,,,,,,,,,,,,
,,,,,,,,,,,,,,,,,,,,,,,,,,,,,,,,,
Admission Type wise Average Billing Amount and Count of Test Results performed in each sections,,,,,,,,,,,,,,,,,,,,,,,,,,,,,,,,,
,,,,,,,,,,,,,,,,,,,,,,,,,,,,,,,,,
,,,,,,,,,,,,,,,,,,,,,,,,,,,,,,,,,
,,,,,,,,,,,,,,,,,,,,,,,,,,,,,,,,,
,,,,,,,,,,,,,,,,,,,,,,,,,,,,,,,,,
,,,,,,,,,,,,,,,,,,,,,,,,,,,,,,,,,
,,,,,,,,,,,,,,,,,,,,,,,,,,,,,,,,,
Male_Patient,(All),,,,,,,,,,,,,,,,,,,,,,,,,,,,,,,,
Female_Paitnet,(All),,,,,,,,,,,,,,,,,,,,,,,,,,,,,,,,
,,,,,,,,,,,,,,,,,,,,,,,,,,,,,,,,,
Admission Type,Average of  Billing Amount ,Count of Test Results,,,,,,,,,,,,,,,,,,,,,,,,,,,,,,,
Elective,23025.34782,3077,,,,,,,,,,,,,,,,,,,,,,,,,,,,,,,
Emer ,22851.26348,54,,,,,,,,,,,,,,,,,,,,,,,,,,,,,,,
Emergency,24313.54489,3533,,,,,,,,,,,,,,,,,,,,,,,,,,,,,,,
Urgent,22731.47835,3336,,,,,,,,,,,,,,,,,,,,,,,,,,,,,,,
Grand Total,23381.12913,10000,,,,,,,,,,,,,,,,,,,,,,,,,,,,,,,
,,,,,,,,,,,,,,,,,,,,,,,,,,,,,,,,,
,,,,,,,,,,,,,,,,,,,,,,,,,,,,,,,,,
,,,,,,,,,,,,,,,,,,,,,,,,,,,,,,,,,
,,,,,,,,,,,,,,,,,,,,,,,,,,,,,,,,,
,,,,,,,,,,,,,,,,,,,,,,,,,,,,,,,,,
,,,,,,,,,,,,,,,,,,,,,,,,,,,,,,,,,
Dieases wise Admission type ,,,,,,,,,,,,,,,,,,,,,,,,,,,,,,,,,
,,,,,,,,,,,,,,,,,,,,,,,,,,,,,,,,,
,,,,,,,,,,,,,,,,,,,,,,,,,,,,,,,,,
,,,,,,,,,,,,,,,,,,,,,,,,,,,,,,,,,
,,,,,,,,,,,,,,,,,,,,,,,,,,,,,,,,,
,,,,,,,,,,,,,,,,,,,,,,,,,,,,,,,,,
Count of Name,Column Labels,,,,,,,,,,,,,,,,,,,,,,,,,,,,,,,,
Dieases,Elective,Emer ,Emergency,Urgent,Grand Total,,,,,,,,,,,,,,,,,,,,,,,,,,,,
ARTHRITIS,867,3,294,423,1587,,,,,,,,,,,,,,,,,,,,,,,,,,,,
Asthma,213,5,512,820,1550,,,,,,,,,,,,,,,,,,,,,,,,,,,,
Cancer,689,10,740,208,1647,,,,,,,,,,,,,,,,,,,,,,,,,,,,
Diabetes,126,8,645,655,1434,,,,,,,,,,,,,,,,,,,,,,,,,,,,
hypertension,257,22,971,905,2155,,,,,,,,,,,,,,,,,,,,,,,,,,,,
Obesity,925,6,371,325,1627,,,,,,,,,,,,,,,,,,,,,,,,,,,,
Grand Total,3077,54,3533,3336,10000,,,,,,,,,,,,,,,,,,,,,,,,,,,,
,,,,,,,,,,,,,,,,,,,,,,,,,,,,,,,,,
,,,,,,,,,,,,,,,,,,,,,,,,,,,,,,,,,
,,,,,,,,,,,,,,,,,,,,,,,,,,,,,,,,,
,,,,,,,,,,,,,,,,,,,,,,,,,,,,,,,,,
,,,,,,,,,,,,,,,,,,,,,,,,,,,,,,,,,
,,,,,,,,,,,,,,,,,,,,,,,,,,,,,,,,,
,,,,,,,,,,,,,,,,,,,,,,,,,,,,,,,,,
Count of Hospital Insurance Provider wise,,,,,,,,,,,,,,,,,,,,,,,,,,,,,,,,,
,,,,,,,,,,,,,,,,,,,,,,,,,,,,,,,,,
,,,,,,,,,,,,,,,,,,,,,,,,,,,,,,,,,
,,,,,,,,,,,,,,,,,,,,,,,,,,,,,,,,,
Insurance Provider,Count of Hospital,,,,,,,,,,,,,,,,,,,,,,,,,,,,,,,,
Aetna,1921,,,,,,,,,,,,,,,,,,,,,,,,,,,,,,,,
Blue Cross,1875,,,,,,,,,,,,,,,,,,,,,,,,,,,,,,,,
Cigna,1939,,,,,,,,,,,,,,,,,,,,,,,,,,,,,,,,
Medicare,2428,,,,,,,,,,,,,,,,,,,,,,,,,,,,,,,,
UnitedHealthcare,1837,,,,,,,,,,,,,,,,,,,,,,,,,,,,,,,,
Grand Total,10000,,,,,,,,,,,,,,,,,,,,,,,,,,,,,,,,
,,,,,,,,,,,,,,,,,,,,,,,,,,,,,,,,,
,,,,,,,,,,,,,,,,,,,,,,,,,,,,,,,,,
,,,,,,,,,,,,,,,,,,,,,,,,,,,,,,,,,
,,,,,,,,,,,,,,,,,,,,,,,,,,,,,,,,,
,,,,,,,,,,,,,,,,,,,,,,,,,,,,,,,,,
,,,,,,,,,,,,,,,,,,,,,,,,,,,,,,,,,
,,,,,,,,,,,,,,,,,,,,,,,,,,,,,,,,,
,,,,,,,,,,,,,,,,,,,,,,,,,,,,,,,,,
Row Labels,Sum of  Billing Amount ,,,,,,,,,,,,,,,,,,,,,,,,,,,,,,,,
ARTHRITIS,31706280.08,,,,,,,,,,,,,,,,,,,,,,,,,,,,,,,,
Aspirin,6079659.236,,,,,,,,,,,,,,,,,,,,,,,,,,,,,,,,
Ibuprofen,6044287.851,,,,,,,,,,,,,,,,,,,,,,,,,,,,,,,,
Lipitor,6177630.212,,,,,,,,,,,,,,,,,,,,,,,,,,,,,,,,
Paracetamol,6410268.774,,,,,,,,,,,,,,,,,,,,,,,,,,,,,,,,
Penicillin,6994434.006,,,,,,,,,,,,,,,,,,,,,,,,,,,,,,,,
Asthma,35018023.74,,,,,,,,,,,,,,,,,,,,,,,,,,,,,,,,
Aspirin,7385089.311,,,,,,,,,,,,,,,,,,,,,,,,,,,,,,,,
Ibuprofen,6831559.116,,,,,,,,,,,,,,,,,,,,,,,,,,,,,,,,
Lipitor,7574418.103,,,,,,,,,,,,,,,,,,,,,,,,,,,,,,,,
Paracetamol,6382215.343,,,,,,,,,,,,,,,,,,,,,,,,,,,,,,,,
Penicillin,6844741.865,,,,,,,,,,,,,,,,,,,,,,,,,,,,,,,,
Cancer,65188796.94,,,,,,,,,,,,,,,,,,,,,,,,,,,,,,,,
Aspirin,11686985.6,,,,,,,,,,,,,,,,,,,,,,,,,,,,,,,,
Ibuprofen,14247042.63,,,,,,,,,,,,,,,,,,,,,,,,,,,,,,,,
Lipitor,14047601.1,,,,,,,,,,,,,,,,,,,,,,,,,,,,,,,,
Paracetamol,11686959.27,,,,,,,,,,,,,,,,,,,,,,,,,,,,,,,,
Penicillin,13520208.34,,,,,,,,,,,,,,,,,,,,,,,,,,,,,,,,
Diabetes,42954012.63,,,,,,,,,,,,,,,,,,,,,,,,,,,,,,,,
Aspirin,8987777.061,,,,,,,,,,,,,,,,,,,,,,,,,,,,,,,,
Ibuprofen,7929064.579,,,,,,,,,,,,,,,,,,,,,,,,,,,,,,,,
Lipitor,8754654.105,,,,,,,,,,,,,,,,,,,,,,,,,,,,,,,,
Paracetamol,8781562.951,,,,,,,,,,,,,,,,,,,,,,,,,,,,,,,,
Penicillin,8500953.93,,,,,,,,,,,,,,,,,,,,,,,,,,,,,,,,
hypertension,37837169.74,,,,,,,,,,,,,,,,,,,,,,,,,,,,,,,,
Aspirin,7570788.286,,,,,,,,,,,,,,,,,,,,,,,,,,,,,,,,
Ibuprofen,7244230.164,,,,,,,,,,,,,,,,,,,,,,,,,,,,,,,,
Lipitor,8203031.988,,,,,,,,,,,,,,,,,,,,,,,,,,,,,,,,
Paracetamol,7253785.383,,,,,,,,,,,,,,,,,,,,,,,,,,,,,,,,
Penicillin,7565333.916,,,,,,,,,,,,,,,,,,,,,,,,,,,,,,,,
Obesity,20288668.66,,,,,,,,,,,,,,,,,,,,,,,,,,,,,,,,
Aspirin,4157249.381,,,,,,,,,,,,,,,,,,,,,,,,,,,,,,,,
Ibuprofen,4017570.112,,,,,,,,,,,,,,,,,,,,,,,,,,,,,,,,
Lipitor,3827080.036,,,,,,,,,,,,,,,,,,,,,,,,,,,,,,,,
Paracetamol,4148137.163,,,,,,,,,,,,,,,,,,,,,,,,,,,,,,,,
Penicillin,4138631.962,,,,,,,,,,,,,,,,,,,,,,,,,,,,,,,,
Grand Total,232992951.8,,,,,,,,,,,,,,,,,,,,,,,,,,,,,,,,
